tmdbId,title_vi,overview_vi,genres,release_date,poster_path,movieId
862.0,Câu Chuyện Đồ Chơi,"Thế giới đồ chơi của cậu bé Andy bị xáo trộn khi có sự xuất hiện của cảnh sát vũ trụ Buzz Lightyear. Cảm thấy mình bị “thất sủng”, anh chàng cao bồi gỗ Woody xô xát với Buzz và cả hai bị rơi vào một cuộc phiêu lưu đầy mạo hiểm. Câu chuyện nói về thế giới đồ chơi của cậu bé...","Phim Gia Đình, Phim Hài, Phim Hoạt Hình, Phim Phiêu Lưu",1995-11-22,/2k5424igOcC1rjJoME8WNREEOgy.jpg,1.0
8844.0,Jumanji: Trò Chơi Kỳ Ảo,"Phim là một câu chuyện kể về Adam vô tình có được chiếc hộp trò chơi, và anh đã rủ cô bạn cùng chơi, khi đang chơi Adam bổng bị hút vào trong chiếc hộp, mãi đến 26 năm sau anh mới có cơ hội ra khỏi chiếc hộp đó vì có người đã khỏi động được chiếc hộp, nhưng anh không phải chui ra một mình mà còn rất nhiều con thú kỳ quái.","Phim Phiêu Lưu, Phim Giả Tượng, Phim Gia Đình",1995-12-15,/i70LMsGS88ds3JrH9KmIzjXvnxX.jpg,2.0
15602.0,Grumpier Old Men,,"Phim Lãng Mạn, Phim Hài",1995-12-22,/1FSXpj5e8l4KH6nVFO5SPUeraOt.jpg,3.0
11862.0,Father of the Bride Part II,,"Phim Hài, Phim Gia Đình",1995-12-08,/rj4LBtwQ0uGrpBnCELr716Qo3mw.jpg,5.0
949.0,Kỳ Phùng Địch Thủ,"Một chiếc xe bọc thép chở tiền bị đánh cắp giữa thành phố Los Angeles. Ba nhân viên bảo vệ trên xe bị bắn chết. tẩu thoát ngay trước một rừng cảnh sát, bọn cướp không đả động tới tiền mặt, chỉ mang theo một đống trái phiếu trị giá 1,6 triệu đô la của Malibu Equity Investment, một công ty sản xuất vũ khí. Một tay cớm sừng sỏ của sở cảnh sát Los Angeles lần theo dấu vết và nhận ra, anh phải đối đầu với 1 tổ chức xã hội đen nguy hiểm, được cầm đầu bởi 1 tên trùm cũng sừng sỏ không kém.","Phim Hình Sự, Phim Chính Kịch, Phim Hành Động",1995-12-15,/laBKPWuubfC5XEdExOTHq3HStVb.jpg,6.0
11860.0,Sabrina,,"Phim Lãng Mạn, Phim Chính Kịch, Phim Hài",1995-12-15,/i8PbLJDPU7vCwwscWD625oHbJy.jpg,7.0
45325.0,Tom and Huck,,"Phim Gia Đình, Phim Hành Động, Phim Phiêu Lưu, Phim Chính Kịch",1995-12-22,/bMY31ikEOIPOHqQwhPhII8UVBln.jpg,8.0
9091.0,Cái Chết Bất Ngờ,Một cựu lính cứu hỏa ở Pittsburgh chống lại một tên khủng bố loạn trí đe dọa làm nổ tung một sân vận động khúc côn cầu chật kín người hâm mộ.,"Phim Hành Động, Phim Chính Kịch, Phim Gây Cấn, Phim Hình Sự",1995-10-27,/woEqbOfg5jx0GRkAwqsMTIOxjmp.jpg,9.0
710.0,Điệp Viên 007: Điệp Vụ Mắt Vàng,"Được lệnh đến Nga để tìm ra mật mã bí mật của Goldeneye, một thứ vũ khí bí mật có thề phá hủy cả trái đất. Trong khi thi hành nhiệm vụ, điệp viên 007 phải đụng độ với vị đồng nghiệp xấu tính 006 Alec Trevelyan. Anh sẽ làm thế nào để hoàn thành nhiệm vụ khó khăn của mình...","Phim Phiêu Lưu, Phim Hành Động, Phim Gây Cấn",1995-11-16,/z0ljRnNxIO7CRBhLEO0DvLgAFPR.jpg,10.0
9087.0,Tổng Thống Hoa Kỳ,"Tổng thống Andrew Shepherd (Michael Douglas) chuẩn bị cho chiến dịch tái tranh cử với tỷ lệ ủng hộ 63% trong nội bộ đảng Dân chủ. Để lôi kéo cử tri bỏ phiếu cho Andrew, cố vấn Lewis Rothschild (Michael J. Fox) nỗ lực vận động hành lang để quốc hội thông qua một đạo luật kiểm soát súng mà đa số dân chúng ủng hộ nhưng các nghị sĩ lại không quan tâm. Nếu đạo luật được thông qua, cơ hội tái đắc cử của tổng thống sẽ trở nên chắc chắn.Người đứng đầu nước Pháp chuẩn bị tới thăm Nhà Trắng. Văn phòng tổng thống chạy đôn đáo để tìm một bóng hồng sánh đôi cùng Andrew trong buổi đón tiếp nhà lãnh đạo tới từ bên kia đại dương. Họ phải làm việc này vì vợ của Andrew qua đời cách đó 3 năm. Bình thường thì tổng thống ...","Phim Chính Kịch, Phim Lãng Mạn",1995-11-17,/hudVVQa0jCspRPYGLJwUVsteKsk.jpg,11.0
21032.0,Chú Sói Balto,"Phim kể về Balto, một chú chó lai sói sống cô đơn và bị kỳ thị ở thị trấn Nome, Alaska. Khi dịch bạch hầu bùng phát và trẻ em trong thị trấn lâm nguy, Balto đã dẫn đầu đoàn chó kéo xe vượt qua bão tuyết khắc nghiệt để mang thuốc kháng sinh về cứu người. Hành trình của Balto không chỉ là cuộc đua với thời gian mà còn là hành trình vượt qua định kiến và chứng minh giá trị bản thân.","Phim Phiêu Lưu, Phim Hoạt Hình, Phim Chính Kịch, Phim Gia Đình",1995-12-22,/dCVcdb5oxDizqFLz0F7TE60NoC9.jpg,13.0
10858.0,Nixon,,"Phim Chính Kịch, Phim Lịch Sử",1995-12-22,/cz2MTGr2wpDZLirgV2rGHBdA2t3.jpg,14.0
524.0,Sòng Bạc,"Bộ phim Casino - Sòng Bạc nói về những ông chủ kinh doanh sòng bạc tại thành phố hoa lệ Los Angeles không ai mà không biết đến Ace Rothstein, một đại gia khét tiếng trong giới thượng lưu với những casino thời thượng và hút hàng. Ace có hai người thân thiết nhất luôn bên cạnh mình là Nicky Santoro, người bạn chí cốt, luôn thay anh giải quyết những phi vụ rắc rối, và Ginger, cô bạn đời xinh đẹp, quyến rũ và rất cá tính. Nhưng không phải nắm giữ một núi tiền thì hạnh phúc sẽ luôn mỉm cười, bằng chứng là quanh Ace có không biết bao nhiêu kẻ thù...","Phim Hình Sự, Phim Chính Kịch",1995-11-22,/byHidxjnnqv9XNQwgkEjgPzn7sC.jpg,16.0
4584.0,Sense and Sensibility,,"Phim Chính Kịch, Phim Lãng Mạn",1995-12-13,/9YdQ73YmvInxpXZVNjEKePw9tRO.jpg,17.0
5.0,Four Rooms,,Phim Hài,1995-12-09,/75aHn1NOYXh4M7L5shoeQ6NGykP.jpg,18.0
8012.0,Get Shorty,,"Phim Hài, Phim Gây Cấn, Phim Hình Sự",1995-10-20,/r82SdPhg4fnIcLt0ogIjQxqjdcO.jpg,21.0
1710.0,Bản sao tội ác,Cuộc săn lùng sát nhân ghê rợn ở San Francisco khiến hai người phụ nữ bất ngờ thành đồng minh: một thanh tra và một nhà tâm lý học sống sót sau vụ tấn công của sát nhân hàng loạt.,"Phim Gây Cấn, Phim Hình Sự, Phim Bí Ẩn",1995-10-27,/oMgwJb016znNZcpDR20eXxZoW8A.jpg,22.0
9691.0,Những Kẻ Ám Sát,"Sát thủ chuyên nghiệp Robert Rath muốn hoàn thành một vài hợp đồng nữa trước khi nghỉ hưu, nhưng gã sát thủ mới tham vọng vô lương tâm Miguel Bain vẫn tiếp tục giết chết các mục tiêu của Rath.","Phim Hành Động, Phim Phiêu Lưu, Phim Hình Sự, Phim Gây Cấn",1995-10-06,/wPmZYnaQpxwoHmwNwVhZ2IY0UbF.jpg,23.0
12665.0,Powder,,"Phim Chính Kịch, Phim Giả Tượng",1995-10-27,/zwVmkbrRdbNceK4drB0imFszGxl.jpg,24.0
451.0,Rời khỏi Las Vegas,"Ben Sanderson, một nhà biên kịch Hollywood nghiện rượu, người đã mất tất cả vì rượu, đến Las Vegas để uống rượu đến chết. Tại đây, anh gặp gỡ và lập nên một tình bạn không mấy dễ chịu cùng một giao ước không can thiệp với cô gái điếm Sera.","Phim Chính Kịch, Phim Lãng Mạn",1995-10-27,/wIfP6uLXD9Ptu68SyRx8WuSNNSK.jpg,25.0
16420.0,Othello,,Phim Chính Kịch,1995-12-15,/kyevuYzW36wKadiE8lftLac5VwQ.jpg,26.0
9263.0,Now and Then,,"Phim Hài, Phim Chính Kịch, Phim Lãng Mạn",1995-10-20,/q31Ks8oAmM4Nq2CcGjyYYpdBAmh.jpg,27.0
17015.0,Persuasion,,"Phim Chính Kịch, Phim Lãng Mạn",1995-05-01,/10hycdhFLq3M3y0ONxIMSiY8Mrs.jpg,28.0
902.0,La Cité des enfants perdus,,"Phim Giả Tượng, Phim Khoa Học Viễn Tưởng, Phim Phiêu Lưu",1995-05-17,/9hXbsM3Of273RwXkQp74mVD0Gcm.jpg,29.0
37557.0,Hội Tam Hoàng Thượng Hải,"Bộ phim khắc họa một thế giới mà mà ở đó sự đấu tranh giành thế lực và tiền bạc của các tay giang hồ như Lão Đại và Lão Nhị thực mưu mô và tàn bạo. Cậu bé Shuisheng theo yêu cầu của chú Lưu rời khỏi làng quê lên Thượng Hải để làm việc cho ""ông trùm"", người đứng đầu băng đảng buôn ma tuý những năm 1930. Vốn là con nhà nông quanh năm sống với đồng ruộng, Shuisheng thấy choáng ngợp và sợ hãi trước những thế lực và tội ác xung quanh cậu. Cậu được theo hầu cho cô Tiểu Tinh Bảo, nữ ca sĩ phòng trà kiêm ""bồ nhí"" của ""ông trùm"". Tiểu Tinh Bảo lại yêu người khác. Du Mập khiêu chiến băng đảng. Ông Trùm nghi ngờ một trong những người ông ta tin tưởng đang phản bội...","Phim Chính Kịch, Phim Hình Sự",1995-09-14,/nzydiNaVUJaIa48aDdwgIMjtChM.jpg,30.0
9909.0,Dangerous Minds,,Phim Chính Kịch,1995-08-11,/yWHWC8fJRp2kLgiFrEa8o3krOH9.jpg,31.0
63.0,12 Con Khỉ,"Tù nhân James Cole tình nguyện trở về quá khứ. Nhiệm vụ của anh là tìm ra nguyên nhân căn bệnh dịch đang giết chết hàng tỷ người. Thật không may, anh lại trở về trước thời điểm cần thiết 6 năm. Sau khi tự mình giải thích với bác sĩ Kathryn Reilly, anh chỉ thành công khi tận tâm trong một trại thương điên. Cùng với bạn chung phòng mất trí Jeffrey Goines và 2 manh mối, Cole không ngừng tranh đấu để vén màn bí mật của những nhà cách mạng, những người lên kế hoạch gây chiến tranh virus trên toàn thế giới.","Phim Khoa Học Viễn Tưởng, Phim Gây Cấn, Phim Bí Ẩn",1995-12-29,/a774A9UeGEmdK4xsOQGTtPXT2at.jpg,32.0
78802.0,Wings of Courage,,"Phim Lãng Mạn, Phim Phiêu Lưu",1995-06-16,/zoxqNb6v55C35DDqNn03Grzhzgr.jpg,33.0
9598.0,Babe: Chú Heo Chăn Cừu,,"Phim Giả Tượng, Phim Chính Kịch, Phim Hài, Phim Gia Đình",1995-07-18,/zKuQMtnbVTz9DsOnOJmlW71v4qH.jpg,34.0
47018.0,Carrington,,"Phim Lịch Sử, Phim Chính Kịch, Phim Lãng Mạn",1995-05-25,/8NmeBTkC4UQa8XT2GGsBN2R8Bqo.jpg,35.0
687.0,Dead Man Walking,,Phim Chính Kịch,1995-12-29,/eShxyjhWoFl3BwsuEmVsr4nLaMZ.jpg,36.0
9603.0,Rơi Vào Bẫy Tình,"Tại một trường cấp ba ở Beverly Hills, ""nữ hoàng"" Cher cực kỳ giỏi trang điểm và làm bà mối. Nhưng cô nàng lại bó tay trước đời sống tình cảm của chính mình.","Phim Hài, Phim Lãng Mạn",1995-07-19,/1Z9fAVcCmroNhfxAwV461GJXzX.jpg,39.0
34615.0,"Cry, the Beloved Country",,Phim Chính Kịch,1995-12-15,/96TZr6o4kuiIEryC5jkzaQoP6m5.jpg,40.0
31174.0,Richard III,,"Phim Chính Kịch, Phim Chiến Tranh",1995-12-29,/cBg1AMH1ucPsDlNMfcHlrreQXQX.jpg,41.0
11443.0,Dead Presidents,,"Phim Hình Sự, Phim Chính Kịch, Phim Hành Động",1995-09-29,/eGfsSXizR11tTHVo0kuOOFPAxZt.jpg,42.0
35196.0,Restoration,,"Phim Chính Kịch, Phim Lãng Mạn",1995-12-29,/glOCWK6AMl6FVHxLikl5OD8xw2B.jpg,43.0
577.0,To Die For,,"Phim Chính Kịch, Phim Hài, Phim Hình Sự",1995-09-22,/ji0F2HvO58iIrNfbo41lrnYybed.jpg,45.0
11861.0,How to Make an American Quilt,,"Phim Chính Kịch, Phim Lãng Mạn",1995-10-06,/pI9UAemlWgdrnjRgYJsbTk8BSJc.jpg,46.0
807.0,Thất Đại Tội,"Hai viên cảnh sát William Somerset và David Mills phối hợp điều tra một vụ án phức tạp liên quan đến 7 điều cấm trong Kinh thánh. Hung thủ được dự đoán là do trước kia hắn lớn lên trong môi trường đạo nghiêm khắc nên tâm lí bất ổn và rồi lần lượt giết người dựa trên 7 tội lỗi trong Kinh thánh mà hắn gán cho mỗi người.  7 tội lỗi đó là: kiêu hãnh (Pride), ghen tị (Envy), ham ăn (Gluttony), sắc dục (Lust), tức giận (Wrath), tham lam (Greed) và lười biếng (Sloth). Án mạng đầu tiên là một tên béo phì với dòng chữ Gluttony viết bằng máu trên tường. Greed là án mạng xảy ra sau đó ở nơi làm của 1 tên luật sư. Một tên buôn ma túy tên Victor bị giết với tội lười biếng - Sloth. Lust là tội gán cho một cô gái điếm. Cuối cùng, Pride là 1 cô nàng quá mải mê chăm chút bề ngoài của mình.","Phim Hình Sự, Phim Bí Ẩn, Phim Gây Cấn",1995-09-22,/vor5v1DDqPVwOQCVKciPqrXmV3S.jpg,47.0
8391.0,Khi Màn Đêm Buông Xuống,"Camille và Martin là một cặp đôi giảng viên tại một trường đại học Cơ Đốc giáo, đứng trước cơ hội thăng tiến nếu họ kết hôn. Nhưng sau cái chết của chú chó yêu quý, Camille nhận ra tình cảm của mình dành cho Martin không còn như cô tưởng. Cuộc gặp gỡ với Petra, một nữ nghệ sĩ xiếc quyến rũ, mở ra những cảm xúc mới khiến Camille phải đặt câu hỏi về tình yêu, lòng trung thành và con người thật của mình.","Phim Chính Kịch, Phim Lãng Mạn",1995-02-01,/6Ac5GLwJ01uli5mCXqXwquR36Y1.jpg,49.0
629.0,Kẻ Chủ Mưu,"Trong một phòng thẩm vấn ở LA, Verbal Kint cố gắng thuyết phục các đặc vụ liên bang rằng một chúa tể tội phạm huyền thoại, Keyser Soze, không chỉ tồn tại mà còn có trách nhiệm lôi kéo anh ta và bốn đối tác của anh ta vào một vụ trộm trị giá hàng triệu đô la và kết thúc bằng một vụ nổ ở cảng San Pedro - chỉ còn lại một số người sống sót. Verbal thu hút những người thẩm vấn của mình bằng một câu chuyện đáng kinh ngạc về năng lực gần như siêu phàm của tên tội phạm.","Phim Chính Kịch, Phim Hình Sự, Phim Gây Cấn",1995-07-19,/g59ugx0EbKTj8KfelY3kmTc9S2Y.jpg,50.0
11448.0,Mighty Aphrodite,,"Phim Hài, Phim Lãng Mạn",1995-09-13,/ice135yQZp4iX2SgCmd90nKgS5j.jpg,52.0
49133.0,Lamerica,,Phim Chính Kịch,1994-09-09,/1oeLiGLbjXi32ZPIrzTrYIsKFd5.jpg,53.0
97406.0,Georgia,,Phim Chính Kịch,1995-05-19,/uXjfK404xo7SiVlFcAoRyaFqXR4.jpg,55.0
9089.0,Home for the Holidays,,"Phim Hài, Phim Chính Kịch, Phim Lãng Mạn",1995-11-02,/3zqlKdOttWyExzopVxglz50Vjxq.jpg,57.0
11010.0,Il postino,,"Phim Hài, Phim Chính Kịch, Phim Lãng Mạn",1994-09-22,/vCluZ0hOZZNbOEM8fR84kvPhXZV.jpg,58.0
99040.0,Le Confessionnal,,"Phim Gây Cấn, Phim Chính Kịch, Phim Bí Ẩn",1995-09-29,/xECq17Hv69H3gSiCSRHaA5iBgkn.jpg,59.0
11359.0,The Indian in the Cupboard,,"Phim Phiêu Lưu, Phim Gia Đình, Phim Giả Tượng",1995-07-14,/ozQAmW85tTJu2dhRe3evzyY03Nb.jpg,60.0
17182.0,Eye for an Eye,,"Phim Gây Cấn, Phim Chính Kịch",1996-01-12,/y2lZSdJ1o0VvLegTw3ad6KFtxra.jpg,61.0
2054.0,Mr. Holland's Opus,,"Phim Chính Kịch, Phim Nhạc",1995-12-29,/kBmwWeSN3ajnYHZ3dSybEobxEPI.jpg,62.0
